Name,State,Webpage,Local News RSS,Business RSS,Other RSS
USA TODAY,National,http://www.usatoday.com,,,
USA TODAY High School Sports,National,http://www.usatodayhss.com,,,
MMAjunkie.com,National,http://www.mmajunkie.com,,,
thebiglead.com,National,http://www.thebiglead.com,,,
thehuddle.com,National,http://www.thehuddle.com,,,
hoopshype.com,National,http://www.hoopshype.com,,,
BNQT,National,http://www.bnqt.com,,,
baseballhq.com,National,http://www.baseballhq.com,,,
boxingjunkie.com,National,http://www.boxingjunkie.com,,,
ftw.usatoday.com,National,http://ftw.usatoday.com,,,
sportswire.usatoday.com,National,http://sportswire.usatoday.com,,,
spanningthesec.com,National,http://www.spanningthesec.com,,,
Reviewed.com,National,http://www.reviewed.com,,,
10Best.com,National,http://www.10best.com,,,
USA TODAY Sports Images,National,http://www.usatodaysportsimages.com,,,
Gannett Imaging and Ad Design Center,National,http://giadc.io,,,
Gannett Publishing Services,National,http://gannettpublishingservices.com,,,
The Montgomery Advertiser,Alabama,http://www.montgomeryadvertiser.com,,,
"AZCentral.com, Phoenix",Arizona,http://www.azcentral.com,,,
"The Baxter Bulletin, Mountain Home",Arkansas,http://www.baxterbulletin.com,,,
"The Desert Sun, Palm Springs",California,http://www.desertsun.com,,,
Redding Record Searchlight,California,http://www.redding.com,,,
The Salinas Californian,California,http://www.thecalifornian.com,,,
Tulare Advance-Register,California,http://www.visaliatimesdelta.com,http://www.visaliatimesdelta.com/section/NEWS01&template=rss_gd,http://www.visaliatimesdelta.com/section/business&template=rss_gd_subcats,
"Ventura County Star, Camarillo",California,http://www.vcstar.com,,,
Visalia Times-Delta,California,http://www.visaliatimesdelta.com,,,
ReachLocal,California,http://www.reachlocal.com,,,
Fort Collins Coloradoan,Colorado,http://www.coloradoan.com,,,
"DelawareOnline.com, Wilmington",Delaware,http://www.delawareonline.com,,,
"Florida Today, Brevard County",Florida,http://www.floridatoday.com,,,
Indian River Press Journal (Treasure Coast Newspapers - Vero Beach),Florida,http://www.tcpalm.com,,,
Naples Daily News,Florida,http://www.naplesnews.com,,,
"The News-Press, Fort Myers",Florida,http://news-press.com,,,
"PNJ.com, Pensacola",Florida,http://www.pnj.com,,,
The Stuart News (Treasure Coast Newspapers),Florida,http://www.tcpalm.com,,,
"The St. Lucie News-Tribune (Treasure Coast Newspapers, Fort Pierce)",Florida,http://www.tcpalm.com,,,
Tallahassee Democrat,Florida,http://www.tallahassee.com,,,
Golfweek,Florida,http://www.golfweek.com,,,
"Pacific Daily News, Hagatna",Guam,http://www.guampdn.com,,,
Evansville Courier & Press,Indiana,http://courierpress.com,,,
"IndyStar.com, Indianapolis",Indiana,http://www.indystar.com,,,
"JCOnline.com, Lafayette",Indiana,http://www.jconline.com,,,
"The Star Press, Muncie",Indiana,http://www.thestarpress.com,,,
"Palladium-Item, Richmond",Indiana,http://www.pal-item.com,,,
The Des Moines Register,Iowa,http://www.desmoinesregister.com,,,
Iowa City Press-Citizen,Iowa,http://www.press-citizen.com,,,
"The Courier-Journal, Louisville",Kentucky,http://www.courier-journal.com,,,
The Gleaner (Henderson),Kentucky,http://www.thegleaner.com,,,
"The Kentucky Enquirer, Fort Mitchell",Kentucky,http://www.cincinnati.com/news/northern-kentucky,,,
"The Town Talk, Alexandria",Louisiana,http://www.thetowntalk.com,,,
"The Daily Advertiser, Lafayette",Louisiana,http://www.theadvertiser.com,,,
"The News-Star, Monroe",Louisiana,http://www.thenewsstar.com,,,
"Daily World, Opelousas",Louisiana,http://www.dailyworld.com,,,
"The Times, Shreveport",Louisiana,http://www.shreveporttimes.com,,,
"The Daily Times, Salisbury",Maryland,http://www.delmarvanow.com,,,
Battle Creek Enquirer,Michigan,http://www.battlecreekenquirer.com,,,
Detroit Free Press,Michigan,http://www.freep.com,,,
Lansing State Journal,Michigan,http://www.lansingstatejournal.com,,,
"Daily Press & Argus, Livingston County",Michigan,http://www.livingstondaily.com,,,
"Times Herald, Port Huron",Michigan,http://www.thetimesherald.com,,,
Michigan.com,Michigan,http://www.michigan.com,,,
St. Cloud Times,Minnesota,http://www.sctimes.com,http://rssfeeds.sctimes.com/stcloud/news,,
Hattiesburg American,Mississippi,http://www.hattiesburgamerican.com,http://rssfeeds.hattiesburgamerican.com/hattiesburgamerican/news,,http://rssfeeds.hattiesburgamerican.com/hattiesburgamerican/home
The Clarion-Ledger,Mississippi,http://www.clarionledger.com,http://rssfeeds.clarionledger.com/jacksonms/news,http://rssfeeds.clarionledger.com/jacksonms/business,
"Springfield News-Leader, Springfield",Missouri,http://www.news-leader.com,http://rssfeeds.news-leader.com/springfield/news,,http://rssfeeds.news-leader.com/springfield/crime
Great Falls Tribune,Montana,http://www.greatfallstribune.com,,,
Reno-Gazette-Journal,Nevada,http://www.rgj.com,http://rssfeeds.rgj.com/reno/news,http://rssfeeds.rgj.com/reno/business,
"APP.com, Asbury Park",New Jersey,http://www.app.com,http://rssfeeds.app.com/asburypark/home,,http://rssfeeds.app.com/asburypark/watchdog
"The Record, Bergen County",New Jersey,http://www.northjersey.com,http://rssfeeds.northjersey.com/northjerseynews,http://rssfeeds.northjersey.com/northjerseybusiness,http://rssfeeds.northjersey.com/northjerseycrime
"Courier News, Bridgewater",New Jersey,http://www.mycentraljersey.com,http://rssfeeds.mycentraljersey.com/bridgewater/home,,
"Courier-Post, Cherry Hill",New Jersey,http://www.courierpostonline.com,http://rssfeeds.courierpostonline.com/cherryhill/localnews,http://rssfeeds.courierpostonline.com/cherryhill/business,http://rssfeeds.courierpostonline.com/cherryhill/home
"Home News Tribune, East Brunswick",New Jersey,http://www.mycentraljersey.com,http://rssfeeds.mycentraljersey.com/bridgewater/home,,
"Daily Record, Morristown",New Jersey,http://www.dailyrecord.com,http://rssfeeds.dailyrecord.com/morristown/home,,
"The Daily Journal, Vineland",New Jersey,http://www.thedailyjournal.com,http://rssfeeds.thedailyjournal.com/vineland/news,,
"Herald News, Woodland Park",New Jersey,http://www.northjersey.com,http://rssfeeds.northjersey.com/northjerseynews,http://rssfeeds.northjersey.com/northjerseybusiness,http://rssfeeds.northjersey.com/northjerseycrime
Alamogordo Daily News,New Mexico,http://www.alamogordonews.com,http://rssfeeds.alamogordonews.com/alamogordo/news,http://rssfeeds.alamogordonews.com/alamogordo/business,
Carlsbad Current-Argus,New Mexico,http://www.currentargus.com,http://rssfeeds.currentargus.com/carlsbad/news,,
"The Daily Times, Farmington",New Mexico,http://www.daily-times.com,http://rssfeeds.daily-times.com/farmington/news,http://rssfeeds.daily-times.com/farmington/business,
Deming Headlight,New Mexico,http://www.demingheadlight.com,http://rssfeeds.lcsun-news.com/lascruces/news,http://rssfeeds.lcsun-news.com/lascruces/business,
Las Cruces Sun-News,New Mexico,http://www.lcsun-news.com,http://rssfeeds.lcsun-news.com/lascruces/news,http://rssfeeds.lcsun-news.com/lascruces/business,
Silver City Sun-News,New Mexico,http://www.scsun-news.com,http://rssfeeds.scsun-news.com/silvercity/news,,
"PressConnects.com, Binghamton",New York,http://www.pressconnects.com,http://rssfeeds.pressconnects.com/binghamton/home,http://rssfeeds.pressconnects.com/binghamton/business,
"Star-Gazette, Elmira",New York,http://www.stargazette.com,http://rssfeeds.stargazette.com/elmira/home,http://rssfeeds.stargazette.com/elmira/business,
The Ithaca Journal,New York,http://www.ithacajournal.com,http://rssfeeds.ithacajournal.com/ithaca/home,http://rssfeeds.ithacajournal.com/ithaca/business,
Poughkeepsie Journal,New York,http://www.poughkeepsiejournal.com,http://rssfeeds.poughkeepsiejournal.com/poughkeepsie/news,http://rssfeeds.poughkeepsiejournal.com/poughkeepsie/business,
"Democrat and Chronicle, Rochester",New York,http://www.democratandchronicle.com,http://rssfeeds.democratandchronicle.com/Democratandchronicle/news,http://rssfeeds.democratandchronicle.com/Democratandchronicle/business,
"LoHud.com, Westchester County",New York,http://www.lohud.com,http://rssfeeds.lohud.com/westchester/news,http://rssfeeds.lohud.com/westchester/business,http://rssfeeds.lohud.com/westchester/crime
Asheville Citizen-Times,North Carolina,http://www.citizen-times.com,http://rssfeeds.citizen-times.com/asheville/local,,http://rssfeeds.citizen-times.com/asheville/home
Media Network of Central Ohio,Ohio,http://www.centralohio.com,,,
"Telegraph-Forum, Bucyrus",Ohio,http://www.bucyrustelegraphforum.com,http://rssfeeds.bucyrustelegraphforum.com/bucyrus/news,,
Chillicothe Gazette,Ohio,http://www.chillicothegazette.com,http://rssfeeds.chillicothegazette.com/chillicothe/news,,
Cincinnati.com,Ohio,http://www.cincinnati.com,http://rssfeeds.cincinnati.com/cincinnati-news,http://rssfeeds.cincinnati.com/cincinnati-business,
Coshocton Tribune,Ohio,http://www.coshoctontribune.com,http://rssfeeds.coshoctontribune.com/coshocton/news,,
"The News-Messenger, Fremont",Ohio,http://www.thenews-messenger.com,http://rssfeeds.thenews-messenger.com/fremont/news,,
Lancaster Eagle-Gazette,Ohio,http://www.lancastereaglegazette.com,http://rssfeeds.lancastereaglegazette.com/lancaster/news,,
Mansfield News Journal,Ohio,http://www.mansfieldnewsjournal.com,http://rssfeeds.mansfieldnewsjournal.com/mansfield/news,,
The Marion Star,Ohio,http://www.marionstar.com,http://rssfeeds.marionstar.com/marion/news,,
"The Advocate, Newark",Ohio,http://www.newarkadvocate.com,http://rssfeeds.newarkadvocate.com/newark/news,,
"News Herald, Port Clinton",Ohio,http://www.portclintonnewsherald.com,http://rssfeeds.portclintonnewsherald.com/portclinton/news,,
"Times Recorder, Zanesville",Ohio,http://www.zanesvilletimesrecorder.com,http://rssfeeds.zanesvilletimesrecorder.com/zanesville/news,,
"Statesman Journal, Salem",Oregon,http://www.statesmanjournal.com,http://rssfeeds.statesmanjournal.com/salem/news,,http://rssfeeds.statesmanjournal.com/salem/life
Chambersburg Public Opinion,Pennsylvania,http://www.publicopiniononline.com,http://rssfeeds.publicopiniononline.com/publicopiniononline/news,http://rssfeeds.publicopiniononline.com/publicopiniononline/business,
Hanover Evening Sun,Pennsylvania,http://www.eveningsun.com,http://rssfeeds.eveningsun.com/hanover/news,http://rssfeeds.eveningsun.com/hanover/business,
Lebanon Daily News,Pennsylvania,http://www.ldnews.com,http://rssfeeds.ldnews.com/lebanon/news,http://rssfeeds.ldnews.com/lebanon/business,
York Daily Record,Pennsylvania,http://www.ydr.com,http://rssfeeds.ydr.com/ydr/home,http://rssfeeds.ydr.com/york/business,
The Anderson Independent-Mail,South Carolina,http://www.independentmail.com,http://rssfeeds.independentmail.com/anderson/news,http://rssfeeds.independentmail.com/anderson/business,http://rssfeeds.independentmail.com/anderson/news/crime
GreenvilleOnline.com,South Carolina,http://www.greenvilleonline.com,http://rssfeeds.greenvilleonline.com/greenville/news,,
"Argus Leader, Sioux Falls",South Dakota,http://www.argusleader.com,http://rssfeeds.argusleader.com/siouxfalls/news,http://rssfeeds.argusleader.com/siouxfalls/businessjournal,http://rssfeeds.argusleader.com/siouxfalls/policelines
The Commercial Appeal (Memphis),Tennessee,http://www.commercialappeal.com,http://rssfeeds.commercialappeal.com/memphis/news,http://rssfeeds.commercialappeal.com/memphis/business,http://rssfeeds.commercialappeal.com/memphis/crime-courts
The Knoxville News-Sentinel,Tennessee,http://www.knoxnews.com,http://rssfeeds.knoxnews.com/knoxville/news,http://rssfeeds.knoxnews.com/knoxville/business,http://rssfeeds.knoxnews.com/knoxville/news-state/
"The Leaf-Chronicle, Clarksville",Tennessee,http://www.theleafchronicle.com,http://rssfeeds.theleafchronicle.com/clarksville/news,,
The Jackson Sun,Tennessee,http://www.jacksonsun.com,http://rssfeeds.jacksonsun.com/jacksontn/news,,
"The Daily News Journal, Murfreesboro",Tennessee,http://www.dnj.com,http://rssfeeds.dnj.com/murfreesboro/news,,
"The Tennessean, Nashville",Tennessee,http://www.tennessean.com,http://rssfeeds.tennessean.com/nashville/news,http://rssfeeds.tennessean.com/nashville/business,http://rssfeeds.tennessean.com/nashville/crime
The Abilene Reporter-News,Texas,http://www.reporternews.com,http://rssfeeds.reporternews.com/abilene/news,http://rssfeeds.reporternews.com/Abilene/Business,http://rssfeeds.reporternews.com/abilene/news_state
The Corpus Christi Caller Times,Texas,http://www.caller.com,http://rssfeeds.caller.com/corpuschristi/news/,http://rssfeeds.caller.com/corpuschristi/business/,
El Paso Times,Texas,http://www.elpasotimes.com,http://rssfeeds.elpasotimes.com/elpaso/news,http://rssfeeds.elpasotimes.com/elpaso/business,
The San Angelo Standard-Times,Texas,http://www.gosanangelo.com,http://rssfeeds.gosanangelo.com/sanangelo/news,http://rssfeeds.gosanangelo.com/sanangelo/business,http://rssfeeds.gosanangelo.com/sanangelo/crime
Times Record News (Wichita Falls),Texas,http://www.timesrecordnews.com,http://rssfeeds.timesrecordnews.com/wichitafalls/news,http://rssfeeds.timesrecordnews.com/wichitafalls/business/,http://rssfeeds.timesrecordnews.com/wichitafalls/state
"The Spectrum, St. George",Utah,http://www.thespectrum.com,http://rssfeeds.thespectrum.com/stgeorge/news,,
The Burlington Free Press,Vermont,http://www.burlingtonfreepress.com,http://rssfeeds.burlingtonfreepress.com/burlington/home,http://rssfeeds.burlingtonfreepress.com/burlington/business,
"The News Leader, Staunton",Virginia,http://www.newsleader.com,http://rssfeeds.newsleader.com/staunton-news,,
Kitsap Sun (Bremerton),Washington,http://www.kitsapsun.com,http://rssfeeds.kitsapsun.com/kitsapnews,http://rssfeeds.kitsapsun.com/kitsapbusinessjournal,http://rssfeeds.kitsapsun.com/kitsapstate
"The Post-Crescent, Appleton",Wisconsin,http://www.postcrescent.com,http://rssfeeds.postcrescent.com/appleton/news,,
"The Reporter, Fond du Lac",Wisconsin,http://www.fdlreporter.com,http://rssfeeds.fdlreporter.com/fonddulac/news,,
Green Bay Press-Gazette,Wisconsin,http://www.greenbaypressgazette.com,http://rssfeeds.greenbaypressgazette.com/greenbay/news,,
"Herald Times Reporter, Manitowoc",Wisconsin,http://www.htrnews.com,http://rssfeeds.htrnews.com/manitowoc/news,,
Marshfield News Herald,Wisconsin,http://www.marshfieldnewsherald.com,http://rssfeeds.marshfieldnewsherald.com/marshfield/news,,
Milwaukee Journal Sentinel,Wisconsin,http://www.jsonline.com,http://rssfeeds.jsonline.com/milwaukee/news,http://rssfeeds.jsonline.com/milwaukee/business,
Oshkosh Northwestern,Wisconsin,http://www.thenorthwestern.com,http://rssfeeds.thenorthwestern.com/oshkosh/news,,
The Sheboygan Press,Wisconsin,http://www.sheboyganpress.com,http://rssfeeds.sheboyganpress.com/sheboygan/news,,
Stevens Point Journal,Wisconsin,http://www.stevenspointjournal.com,http://rssfeeds.stevenspointjournal.com/stevenspoint/news,,
Wausau Daily Herald,Wisconsin,http://www.wausaudailyherald.com,http://rssfeeds.wausaudailyherald.com/wausau/news,,
"The Daily Tribune, Wisconsin Rapids",Wisconsin,http://www.wisconsinrapidstribune.com,http://rssfeeds.wisconsinrapidstribune.com/wisconsinrapids/news,,